frame,time_s,board_x,board_y,board_z,gun_x,gun_y,gun_z,state,collision_active,contact_force_n,tool_pressure,nails_installed,robot_label
0,0.0,-3.0,-2.7,1.45,-1.0,-2.1,1.5,approach,0,0.0,0.0,0,AgiBot Genie G2
1,0.0333,-2.9516666666666667,-2.6503333333333337,1.45,-1.0,-2.1,1.5,approach,0,0.0,0.0,0,AgiBot Genie G2
2,0.0667,-2.9033333333333333,-2.6006666666666667,1.45,-1.0,-2.1,1.5,approach,0,0.0,0.0,0,AgiBot Genie G2
3,0.1,-2.855,-2.551,1.45,-1.0,-2.1,1.5,approach,0,0.0,0.0,0,AgiBot Genie G2
4,0.1333,-2.8066666666666666,-2.5013333333333336,1.45,-1.0,-2.1,1.5,approach,0,0.0,0.0,0,AgiBot Genie G2
5,0.1667,-2.7583333333333333,-2.4516666666666667,1.45,-1.0,-2.1,1.5,approach,0,0.0,0.0,0,AgiBot Genie G2
6,0.2,-2.71,-2.402,1.45,-1.0,-2.1,1.5,approach,0,0.0,0.0,0,AgiBot Genie G2
7,0.2333,-2.6616666666666666,-2.3523333333333336,1.45,-1.0,-2.1,1.5,approach,0,0.0,0.0,0,AgiBot Genie G2
8,0.2667,-2.6133333333333333,-2.3026666666666666,1.45,-1.0,-2.1,1.5,approach,0,0.0,0.0,0,AgiBot Genie G2
9,0.3,-2.565,-2.253,1.45,-1.0,-2.1,1.5,approach,0,0.0,0.0,0,AgiBot Genie G2
10,0.3333,-2.5166666666666666,-2.2033333333333336,1.45,-1.0,-2.1,1.5,approach,0,0.0,0.0,0,AgiBot Genie G2
11,0.3667,-2.4683333333333333,-2.153666666666667,1.45,-1.0,-2.1,1.5,approach,0,0.0,0.0,0,AgiBot Genie G2
12,0.4,-2.42,-2.104,1.45,-1.0,-2.1,1.5,approach,0,0.0,0.0,0,AgiBot Genie G2
13,0.4333,-2.3716666666666666,-2.054333333333333,1.45,-1.0,-2.1,1.5,approach,0,0.0,0.0,0,AgiBot Genie G2
14,0.4667,-2.3233333333333333,-2.0046666666666666,1.45,-1.0,-2.1,1.5,approach,0,0.0,0.0,0,AgiBot Genie G2
15,0.5,-2.275,-1.955,1.45,-1.0,-2.1,1.5,approach,0,0.0,0.0,0,AgiBot Genie G2
16,0.5333,-2.2266666666666666,-1.9053333333333335,1.45,-1.0,-2.1,1.5,approach,0,0.0,0.0,0,AgiBot Genie G2
17,0.5667,-2.1783333333333332,-1.8556666666666668,1.45,-1.0,-2.1,1.5,approach,0,0.0,0.0,0,AgiBot Genie G2
18,0.6,-2.13,-1.806,1.45,-1.0,-2.1,1.5,approach,0,0.0,0.0,0,AgiBot Genie G2
19,0.6333,-2.081666666666667,-1.7563333333333335,1.45,-1.0,-2.1,1.5,approach,0,0.0,0.0,0,AgiBot Genie G2
20,0.6667,-2.033333333333333,-1.7066666666666668,1.45,-1.0,-2.1,1.5,approach,0,0.0,0.0,0,AgiBot Genie G2
21,0.7,-1.985,-1.657,1.45,-1.0,-2.1,1.5,approach,0,0.0,0.0,0,AgiBot Genie G2
22,0.7333,-1.9366666666666668,-1.6073333333333335,1.45,-1.0,-2.1,1.5,approach,0,0.0,0.0,0,AgiBot Genie G2
23,0.7667,-1.8883333333333332,-1.5576666666666665,1.45,-1.0,-2.1,1.5,approach,0,0.0,0.0,0,AgiBot Genie G2
24,0.8,-1.84,-1.508,1.45,-1.0,-2.1,1.5,approach,0,0.0,0.0,0,AgiBot Genie G2
25,0.8333,-1.7916666666666667,-1.4583333333333333,1.45,-1.0,-2.1,1.5,approach,0,0.0,0.0,0,AgiBot Genie G2
26,0.8667,-1.7433333333333334,-1.4086666666666665,1.45,-1.0,-2.1,1.5,approach,0,0.0,0.0,0,AgiBot Genie G2
27,0.9,-1.695,-1.359,1.45,-1.0,-2.1,1.5,approach,0,0.0,0.0,0,AgiBot Genie G2
28,0.9333,-1.6466666666666667,-1.3093333333333332,1.45,-1.0,-2.1,1.5,approach,0,0.0,0.0,0,AgiBot Genie G2
29,0.9667,-1.5983333333333334,-1.2596666666666667,1.45,-1.0,-2.1,1.5,approach,0,0.0,0.0,0,AgiBot Genie G2
30,1.0,-1.55,-1.21,1.45,-1.0,-2.1,1.5,approach,0,0.0,0.0,0,AgiBot Genie G2
31,1.0333,-1.5016666666666665,-1.1603333333333332,1.45,-1.0,-2.1,1.5,approach,0,0.0,0.0,0,AgiBot Genie G2
32,1.0667,-1.4533333333333334,-1.1106666666666667,1.45,-1.0,-2.1,1.5,approach,0,0.0,0.0,0,AgiBot Genie G2
33,1.1,-1.405,-1.0609999999999997,1.45,-1.0,-2.1,1.5,approach,0,0.0,0.0,0,AgiBot Genie G2
34,1.1333,-1.3566666666666667,-1.0113333333333334,1.45,-1.0,-2.1,1.5,approach,0,0.0,0.0,0,AgiBot Genie G2
35,1.1667,-1.3083333333333333,-0.9616666666666664,1.45,-1.0,-2.1,1.5,approach,0,0.0,0.0,0,AgiBot Genie G2
36,1.2,-1.26,-0.9119999999999999,1.45,-1.0,-2.1,1.5,approach,0,0.0,0.0,0,AgiBot Genie G2
37,1.2333,-1.2116666666666667,-0.8623333333333332,1.45,-1.0,-2.1,1.5,approach,0,0.0,0.0,0,AgiBot Genie G2
38,1.2667,-1.1633333333333336,-0.8126666666666666,1.45,-1.0,-2.1,1.5,approach,0,0.0,0.0,0,AgiBot Genie G2
39,1.3,-1.115,-0.7629999999999999,1.45,-1.0,-2.1,1.5,approach,0,0.0,0.0,0,AgiBot Genie G2
40,1.3333,-1.0666666666666669,-0.7133333333333334,1.45,-1.0,-2.1,1.5,approach,0,0.0,0.0,0,AgiBot Genie G2
41,1.3667,-1.0183333333333333,-0.6636666666666664,1.45,-1.0,-2.1,1.5,approach,0,0.0,0.0,0,AgiBot Genie G2
42,1.4,-0.9700000000000002,-0.6139999999999999,1.45,-1.0,-2.1,1.5,approach,0,0.0,0.0,0,AgiBot Genie G2
43,1.4333,-0.9216666666666669,-0.5643333333333334,1.45,-1.0,-2.1,1.5,approach,0,0.0,0.0,0,AgiBot Genie G2
44,1.4667,-0.8733333333333335,-0.5146666666666668,1.45,-1.0,-2.1,1.5,approach,0,0.0,0.0,0,AgiBot Genie G2
45,1.5,-0.8250000000000002,-0.46499999999999986,1.45,-1.0,-2.1,1.5,approach,0,0.0,0.0,0,AgiBot Genie G2
46,1.5333,-0.7766666666666664,-0.4153333333333329,1.45,-1.0,-2.1,1.5,approach,0,0.0,0.0,0,AgiBot Genie G2
47,1.5667,-0.7283333333333335,-0.36566666666666636,1.45,-1.0,-2.1,1.5,approach,0,0.0,0.0,0,AgiBot Genie G2
48,1.6,-0.6800000000000002,-0.31599999999999984,1.45,-1.0,-2.1,1.5,approach,0,0.0,0.0,0,AgiBot Genie G2
49,1.6333,-0.6316666666666668,-0.2663333333333333,1.45,-1.0,-2.1,1.5,approach,0,0.0,0.0,0,AgiBot Genie G2
50,1.6667,-0.5833333333333335,-0.21666666666666634,1.45,-1.0,-2.1,1.5,approach,0,0.0,0.0,0,AgiBot Genie G2
51,1.7,-0.5350000000000001,-0.16699999999999982,1.45,-1.0,-2.1,1.5,approach,0,0.0,0.0,0,AgiBot Genie G2
52,1.7333,-0.4866666666666668,-0.11733333333333285,1.45,-1.0,-2.1,1.5,approach,0,0.0,0.0,0,AgiBot Genie G2
53,1.7667,-0.43833333333333346,-0.06766666666666676,1.45,-1.0,-2.1,1.5,approach,0,0.0,0.0,0,AgiBot Genie G2
54,1.8,-0.3900000000000001,-0.017999999999999794,1.45,-1.0,-2.1,1.5,approach,0,0.0,0.0,0,AgiBot Genie G2
55,1.8333,-0.3416666666666668,0.03166666666666673,1.45,-1.0,-2.1,1.5,approach,0,0.0,0.0,0,AgiBot Genie G2
56,1.8667,-0.29333333333333345,0.0813333333333337,1.45,-1.0,-2.1,1.5,approach,0,0.0,0.0,0,AgiBot Genie G2
57,1.9,-0.2450000000000001,0.13100000000000023,1.45,-1.0,-2.1,1.5,approach,0,0.0,0.0,0,AgiBot Genie G2
58,1.9333,-0.19666666666666677,0.18066666666666675,1.45,-1.0,-2.1,1.5,approach,0,0.0,0.0,0,AgiBot Genie G2
59,1.9667,-0.14833333333333343,0.23033333333333328,1.45,-1.0,-2.1,1.5,approach,0,0.0,0.0,0,AgiBot Genie G2
60,2.0,-0.1,0.28,1.45,-1.0,-2.1,1.5,placing_board,1,0.0,0.0,0,AgiBot Genie G2
61,2.0333,-0.1,0.28,1.45,-1.0022222222222221,-2.0783333333333336,1.4964444444444445,placing_board,1,0.0,0.0,0,AgiBot Genie G2
62,2.0667,-0.1,0.28,1.45,-1.0044444444444445,-2.0566666666666666,1.492888888888889,placing_board,1,0.0,0.0,0,AgiBot Genie G2
63,2.1,-0.1,0.28,1.45,-1.0066666666666666,-2.035,1.4893333333333334,placing_board,1,0.0,0.0,0,AgiBot Genie G2
64,2.1333,-0.1,0.28,1.45,-1.008888888888889,-2.0133333333333336,1.4857777777777779,placing_board,1,0.0,0.0,0,AgiBot Genie G2
65,2.1667,-0.1,0.28,1.45,-1.011111111111111,-1.991666666666667,1.4822222222222223,placing_board,1,0.0,0.0,0,AgiBot Genie G2
66,2.2,-0.1,0.28,1.45,-1.0133333333333334,-1.97,1.4786666666666666,placing_board,1,0.0,0.0,0,AgiBot Genie G2
67,2.2333,-0.1,0.28,1.45,-1.0155555555555555,-1.9483333333333335,1.475111111111111,placing_board,1,0.0,0.0,0,AgiBot Genie G2
68,2.2667,-0.1,0.28,1.45,-1.0177777777777777,-1.9266666666666667,1.4715555555555555,placing_board,1,0.0,0.0,0,AgiBot Genie G2
69,2.3,-0.1,0.28,1.45,-1.02,-1.9050000000000002,1.468,placing_board,1,0.0,0.0,0,AgiBot Genie G2
70,2.3333,-0.1,0.28,1.45,-1.0222222222222221,-1.8833333333333333,1.4644444444444444,placing_board,1,0.0,0.0,0,AgiBot Genie G2
71,2.3667,-0.1,0.28,1.45,-1.0244444444444445,-1.8616666666666668,1.460888888888889,placing_board,1,0.0,0.0,0,AgiBot Genie G2
72,2.4,-0.1,0.28,1.45,-1.0266666666666666,-1.84,1.4573333333333334,placing_board,1,0.0,0.0,0,AgiBot Genie G2
73,2.4333,-0.1,0.28,1.45,-1.028888888888889,-1.8183333333333336,1.4537777777777778,placing_board,1,0.0,0.0,0,AgiBot Genie G2
74,2.4667,-0.1,0.28,1.45,-1.031111111111111,-1.7966666666666666,1.4502222222222223,placing_board,1,0.0,0.0,0,AgiBot Genie G2
75,2.5,-0.1,0.28,1.45,-1.0333333333333332,-1.7750000000000001,1.4466666666666668,placing_board,1,0.0,0.0,0,AgiBot Genie G2
76,2.5333,-0.1,0.28,1.45,-1.0355555555555556,-1.7533333333333334,1.443111111111111,placing_board,1,0.0,0.0,0,AgiBot Genie G2
77,2.5667,-0.1,0.28,1.45,-1.0377777777777777,-1.7316666666666665,1.4395555555555555,placing_board,1,0.0,0.0,0,AgiBot Genie G2
78,2.6,-0.1,0.28,1.45,-1.04,-1.71,1.436,placing_board,1,0.0,0.0,0,AgiBot Genie G2
79,2.6333,-0.1,0.28,1.45,-1.0422222222222222,-1.6883333333333335,1.4324444444444444,placing_board,1,0.0,0.0,0,AgiBot Genie G2
80,2.6667,-0.1,0.28,1.45,-1.0444444444444445,-1.6666666666666667,1.4288888888888889,placing_board,1,0.0,0.0,0,AgiBot Genie G2
81,2.7,-0.1,0.28,1.45,-1.0466666666666666,-1.645,1.4253333333333333,placing_board,1,0.0,0.0,0,AgiBot Genie G2
82,2.7333,-0.1,0.28,1.45,-1.048888888888889,-1.6233333333333333,1.4217777777777778,placing_board,1,0.0,0.0,0,AgiBot Genie G2
83,2.7667,-0.1,0.28,1.45,-1.051111111111111,-1.6016666666666668,1.4182222222222223,placing_board,1,0.0,0.0,0,AgiBot Genie G2
84,2.8,-0.1,0.28,1.45,-1.0533333333333332,-1.58,1.4146666666666667,placing_board,1,0.0,0.0,0,AgiBot Genie G2
85,2.8333,-0.1,0.28,1.45,-1.0555555555555556,-1.5583333333333331,1.411111111111111,placing_board,1,0.0,0.0,0,AgiBot Genie G2
86,2.8667,-0.1,0.28,1.45,-1.0577777777777777,-1.5366666666666666,1.4075555555555554,placing_board,1,0.0,0.0,0,AgiBot Genie G2
87,2.9,-0.1,0.28,1.45,-1.06,-1.5150000000000001,1.404,placing_board,1,0.0,0.0,0,AgiBot Genie G2
88,2.9333,-0.1,0.28,1.45,-1.0622222222222222,-1.4933333333333336,1.4004444444444444,placing_board,1,0.0,0.0,0,AgiBot Genie G2
89,2.9667,-0.1,0.28,1.45,-1.0644444444444445,-1.4716666666666667,1.3968888888888888,placing_board,1,0.0,0.0,0,AgiBot Genie G2
90,3.0,-0.1,0.28,1.45,-1.0666666666666667,-1.4500000000000002,1.3933333333333333,placing_board,1,0.0,0.0,0,AgiBot Genie G2
91,3.0333,-0.1,0.28,1.45,-1.0688888888888888,-1.4283333333333335,1.3897777777777778,placing_board,1,0.0,0.0,0,AgiBot Genie G2
92,3.0667,-0.1,0.28,1.45,-1.0711111111111111,-1.4066666666666665,1.3862222222222222,placing_board,1,0.0,0.0,0,AgiBot Genie G2
93,3.1,-0.1,0.28,1.45,-1.0733333333333333,-1.385,1.3826666666666667,placing_board,1,0.0,0.0,0,AgiBot Genie G2
94,3.1333,-0.1,0.28,1.45,-1.0755555555555556,-1.3633333333333333,1.3791111111111112,placing_board,1,0.0,0.0,0,AgiBot Genie G2
95,3.1667,-0.1,0.28,1.45,-1.0777777777777777,-1.3416666666666668,1.3755555555555556,placing_board,1,0.0,0.0,0,AgiBot Genie G2
96,3.2,-0.1,0.28,1.45,-1.08,-1.3199999999999998,1.3719999999999999,placing_board,1,0.0,0.0,0,AgiBot Genie G2
97,3.2333,-0.1,0.28,1.45,-1.0822222222222222,-1.2983333333333333,1.3684444444444444,placing_board,1,0.0,0.0,0,AgiBot Genie G2
98,3.2667,-0.1,0.28,1.45,-1.0844444444444443,-1.2766666666666668,1.3648888888888888,placing_board,1,0.0,0.0,0,AgiBot Genie G2
99,3.3,-0.1,0.28,1.45,-1.0866666666666667,-1.2550000000000001,1.3613333333333333,placing_board,1,0.0,0.0,0,AgiBot Genie G2
100,3.3333,-0.1,0.28,1.45,-1.0888888888888888,-1.2333333333333334,1.3577777777777778,placing_board,1,0.0,0.0,0,AgiBot Genie G2
101,3.3667,-0.1,0.28,1.45,-1.0911111111111111,-1.2116666666666667,1.3542222222222222,placing_board,1,0.0,0.0,0,AgiBot Genie G2
102,3.4,-0.1,0.28,1.45,-1.0933333333333333,-1.19,1.3506666666666667,placing_board,1,0.0,0.0,0,AgiBot Genie G2
103,3.4333,-0.1,0.28,1.45,-1.0955555555555556,-1.1683333333333334,1.3471111111111111,placing_board,1,0.0,0.0,0,AgiBot Genie G2
104,3.4667,-0.1,0.28,1.45,-1.0977777777777777,-1.1466666666666665,1.3435555555555556,placing_board,1,0.0,0.0,0,AgiBot Genie G2
105,3.5,-0.1,0.28,1.45,-1.1,-1.125,1.3399999999999999,placing_board,1,0.0,0.0,0,AgiBot Genie G2
106,3.5333,-0.1,0.28,1.45,-1.1022222222222222,-1.1033333333333335,1.3364444444444445,placing_board,1,0.0,0.0,0,AgiBot Genie G2
107,3.5667,-0.1,0.28,1.45,-1.1044444444444443,-1.0816666666666666,1.3328888888888888,placing_board,1,0.0,0.0,0,AgiBot Genie G2
108,3.6,-0.1,0.28,1.45,-1.1066666666666667,-1.06,1.3293333333333333,placing_board,1,0.0,0.0,0,AgiBot Genie G2
109,3.6333,-0.1,0.28,1.45,-1.1088888888888888,-1.0383333333333333,1.3257777777777777,placing_board,1,0.0,0.0,0,AgiBot Genie G2
110,3.6667,-0.1,0.28,1.45,-1.1111111111111112,-1.0166666666666668,1.3222222222222222,placing_board,1,0.0,0.0,0,AgiBot Genie G2
111,3.7,-0.1,0.28,1.45,-1.1133333333333333,-0.9949999999999999,1.3186666666666667,placing_board,1,0.0,0.0,0,AgiBot Genie G2
112,3.7333,-0.1,0.28,1.45,-1.1155555555555556,-0.9733333333333332,1.3151111111111111,placing_board,1,0.0,0.0,0,AgiBot Genie G2
113,3.7667,-0.1,0.28,1.45,-1.1177777777777778,-0.9516666666666667,1.3115555555555556,placing_board,1,0.0,0.0,0,AgiBot Genie G2
114,3.8,-0.1,0.28,1.45,-1.1199999999999999,-0.9299999999999999,1.308,placing_board,1,0.0,0.0,0,AgiBot Genie G2
115,3.8333,-0.1,0.28,1.45,-1.1222222222222222,-0.9083333333333332,1.3044444444444443,placing_board,1,0.0,0.0,0,AgiBot Genie G2
116,3.8667,-0.1,0.28,1.45,-1.1244444444444444,-0.8866666666666667,1.3008888888888888,placing_board,1,0.0,0.0,0,AgiBot Genie G2
117,3.9,-0.1,0.28,1.45,-1.1266666666666667,-0.865,1.2973333333333332,placing_board,1,0.0,0.0,0,AgiBot Genie G2
118,3.9333,-0.1,0.28,1.45,-1.1288888888888888,-0.8433333333333335,1.2937777777777777,placing_board,1,0.0,0.0,0,AgiBot Genie G2
119,3.9667,-0.1,0.28,1.45,-1.1311111111111112,-0.8216666666666665,1.2902222222222222,placing_board,1,0.0,0.0,0,AgiBot Genie G2
120,4.0,-0.1,0.28,1.45,-1.1333333333333333,-0.8,1.2866666666666666,placing_board,1,0.0,0.0,0,AgiBot Genie G2
121,4.0333,-0.1,0.28,1.45,-1.1355555555555554,-0.7783333333333335,1.283111111111111,placing_board,1,0.0,0.0,0,AgiBot Genie G2
122,4.0667,-0.1,0.28,1.45,-1.1377777777777778,-0.7566666666666668,1.2795555555555556,placing_board,1,0.0,0.0,0,AgiBot Genie G2
123,4.1,-0.1,0.28,1.45,-1.14,-0.7350000000000003,1.276,placing_board,1,0.0,0.0,0,AgiBot Genie G2
124,4.1333,-0.1,0.28,1.45,-1.1422222222222222,-0.7133333333333329,1.2724444444444443,placing_board,1,0.0,0.0,0,AgiBot Genie G2
125,4.1667,-0.1,0.28,1.45,-1.1444444444444444,-0.6916666666666664,1.2688888888888887,placing_board,1,0.0,0.0,0,AgiBot Genie G2
126,4.2,-0.1,0.28,1.45,-1.1466666666666667,-0.6699999999999999,1.2653333333333332,placing_board,1,0.0,0.0,0,AgiBot Genie G2
127,4.2333,-0.1,0.28,1.45,-1.1488888888888888,-0.6483333333333332,1.2617777777777777,placing_board,1,0.0,0.0,0,AgiBot Genie G2
128,4.2667,-0.1,0.28,1.45,-1.1511111111111112,-0.6266666666666667,1.2582222222222221,placing_board,1,0.0,0.0,0,AgiBot Genie G2
129,4.3,-0.1,0.28,1.45,-1.1533333333333333,-0.605,1.2546666666666666,placing_board,1,0.0,0.0,0,AgiBot Genie G2
130,4.3333,-0.1,0.28,1.45,-1.1555555555555554,-0.5833333333333335,1.251111111111111,placing_board,1,0.0,0.0,0,AgiBot Genie G2
131,4.3667,-0.1,0.28,1.45,-1.1577777777777778,-0.561666666666667,1.2475555555555555,placing_board,1,0.0,0.0,0,AgiBot Genie G2
132,4.4,-0.1,0.28,1.45,-1.16,-0.5399999999999996,1.2439999999999998,placing_board,1,0.0,0.0,0,AgiBot Genie G2
133,4.4333,-0.1,0.28,1.45,-1.1622222222222223,-0.5183333333333331,1.2404444444444445,placing_board,1,0.0,0.0,0,AgiBot Genie G2
134,4.4667,-0.1,0.28,1.45,-1.1644444444444444,-0.49666666666666637,1.2368888888888887,placing_board,1,0.0,0.0,0,AgiBot Genie G2
135,4.5,-0.1,0.28,1.45,-1.1666666666666665,-0.47499999999999987,1.2333333333333334,placing_board,1,0.0,0.0,0,AgiBot Genie G2
136,4.5333,-0.1,0.28,1.45,-1.1688888888888889,-0.45333333333333337,1.2297777777777776,placing_board,1,0.0,0.0,0,AgiBot Genie G2
137,4.5667,-0.1,0.28,1.45,-1.171111111111111,-0.43166666666666664,1.226222222222222,placing_board,1,0.0,0.0,0,AgiBot Genie G2
138,4.6,-0.1,0.28,1.45,-1.1733333333333333,-0.41000000000000014,1.2226666666666666,placing_board,1,0.0,0.0,0,AgiBot Genie G2
139,4.6333,-0.1,0.28,1.45,-1.1755555555555555,-0.388333333333333,1.219111111111111,placing_board,1,0.0,0.0,0,AgiBot Genie G2
140,4.6667,-0.1,0.28,1.45,-1.1777777777777778,-0.3666666666666665,1.2155555555555555,placing_board,1,0.0,0.0,0,AgiBot Genie G2
141,4.7,-0.1,0.28,1.45,-1.18,-0.345,1.212,placing_board,1,0.0,0.0,0,AgiBot Genie G2
142,4.7333,-0.1,0.28,1.45,-1.1822222222222223,-0.32333333333333325,1.2084444444444444,placing_board,1,0.0,0.0,0,AgiBot Genie G2
143,4.7667,-0.1,0.28,1.45,-1.1844444444444444,-0.30166666666666675,1.204888888888889,placing_board,1,0.0,0.0,0,AgiBot Genie G2
144,4.8,-0.1,0.28,1.45,-1.1866666666666665,-0.28,1.2013333333333334,placing_board,1,0.0,0.0,0,AgiBot Genie G2
145,4.8333,-0.1,0.28,1.45,-1.1888888888888889,-0.2583333333333335,1.1977777777777778,placing_board,1,0.0,0.0,0,AgiBot Genie G2
146,4.8667,-0.1,0.28,1.45,-1.191111111111111,-0.23666666666666702,1.1942222222222223,placing_board,1,0.0,0.0,0,AgiBot Genie G2
147,4.9,-0.1,0.28,1.45,-1.1933333333333334,-0.21499999999999964,1.1906666666666665,placing_board,1,0.0,0.0,0,AgiBot Genie G2
148,4.9333,-0.1,0.28,1.45,-1.1955555555555555,-0.19333333333333313,1.187111111111111,placing_board,1,0.0,0.0,0,AgiBot Genie G2
149,4.9667,-0.1,0.28,1.45,-1.1977777777777778,-0.1716666666666664,1.1835555555555555,placing_board,1,0.0,0.0,0,AgiBot Genie G2
150,5.0,-0.1,0.28,1.45,-1.2,-0.15,1.15,fastening,1,35.0,0.25,0,AgiBot Genie G2
151,5.0333,-0.1,0.28,1.45,-1.2,-0.15836227706141223,1.15,fastening,1,35.0,0.25,0,AgiBot Genie G2
152,5.0667,-0.1,0.28,1.45,-1.2,-0.1666329352654207,1.15,fastening,1,35.0,0.25,0,AgiBot Genie G2
153,5.1,-0.1,0.28,1.45,-1.2,-0.1747213595499957,1.15,fastening,1,35.0,0.25,0,AgiBot Genie G2
154,5.1333,-0.1,0.28,1.45,-1.2,-0.1825389314460641,1.15,fastening,1,35.0,0.25,0,AgiBot Genie G2
155,5.1667,-0.1,0.28,1.45,-1.2,-0.19000000000000006,1.15,fastening,1,35.0,0.25,0,AgiBot Genie G2
156,5.2,-0.1,0.28,1.45,-1.2,-0.1970228201833979,1.15,fastening,1,35.0,0.25,0,AgiBot Genie G2
157,5.2333,-0.1,0.28,1.45,-1.2,-0.20353044850870866,1.15,fastening,1,35.0,0.25,0,AgiBot Genie G2
158,5.2667,-0.1,0.28,1.45,-1.2,-0.20945158603819153,1.15,fastening,1,35.0,0.25,0,AgiBot Genie G2
159,5.3,-0.1,0.28,1.45,-1.2,-0.21472135954999577,1.15,fastening,1,35.0,0.25,0,AgiBot Genie G2
160,5.3333,-0.1,0.28,1.45,-1.2,-0.21928203230275506,1.15,fastening,1,35.0,0.25,0,AgiBot Genie G2
161,5.3667,-0.1,0.28,1.45,-1.2,-0.223083636611408,1.15,fastening,1,35.0,0.25,0,AgiBot Genie G2
162,5.4,-0.1,0.28,1.45,-1.2,-0.22608452130361228,1.15,fastening,1,35.0,0.25,0,AgiBot Genie G2
163,5.4333,-0.1,0.28,1.45,-1.2,-0.22825180805870446,1.15,fastening,1,35.0,0.25,0,AgiBot Genie G2
164,5.4667,-0.1,0.28,1.45,-1.2,-0.22956175162946185,1.15,fastening,1,35.0,0.25,0,AgiBot Genie G2
165,5.5,-0.1,0.28,1.45,-1.2,-0.22999999999999998,1.15,fastening,1,35.0,0.25,0,AgiBot Genie G2
166,5.5333,-0.1,0.28,1.45,-1.2,-0.22956175162946185,1.15,fastening,1,35.0,0.25,0,AgiBot Genie G2
167,5.5667,-0.1,0.28,1.45,-1.2,-0.22825180805870446,1.15,fastening,1,35.0,0.25,0,AgiBot Genie G2
168,5.6,-0.1,0.28,1.45,-1.2,-0.2260845213036123,1.15,fastening,1,35.0,0.25,0,AgiBot Genie G2
169,5.6333,-0.1,0.28,1.45,-1.2,-0.223083636611408,1.15,fastening,1,35.0,0.25,0,AgiBot Genie G2
170,5.6667,-0.1,0.28,1.45,-1.2,-0.21928203230275506,1.15,fastening,1,35.0,0.25,0,AgiBot Genie G2
171,5.7,-0.1,0.28,1.45,-1.2,-0.21472135954999577,1.15,fastening,1,35.0,0.25,0,AgiBot Genie G2
172,5.7333,-0.1,0.28,1.45,-1.2,-0.20945158603819153,1.15,fastening,1,120.0,1.0,1,AgiBot Genie G2
173,5.7667,-0.1,0.28,1.45,-1.2,-0.20353044850870866,1.15,fastening,1,120.0,1.0,1,AgiBot Genie G2
174,5.8,-0.1,0.28,1.45,-1.2,-0.1970228201833979,1.15,fastening,1,120.0,1.0,1,AgiBot Genie G2
175,5.8333,-0.1,0.28,1.45,-1.2,-0.19000000000000006,1.15,fastening,1,120.0,1.0,1,AgiBot Genie G2
176,5.8667,-0.1,0.28,1.45,-1.2,-0.18253893144606412,1.15,fastening,1,120.0,1.0,1,AgiBot Genie G2
177,5.9,-0.1,0.28,1.45,-1.2,-0.1747213595499957,1.15,fastening,1,120.0,1.0,1,AgiBot Genie G2
178,5.9333,-0.1,0.28,1.45,-1.2,-0.1666329352654207,1.15,fastening,1,35.0,0.25,1,AgiBot Genie G2
179,5.9667,-0.1,0.28,1.45,-1.2,-0.15836227706141226,1.15,fastening,1,35.0,0.25,1,AgiBot Genie G2
180,6.0,-0.1,0.28,1.45,0.0,-0.15,1.15,fastening,1,35.0,0.25,1,AgiBot Genie G2
181,6.0333,-0.1,0.28,1.45,0.0,-0.15836227706141223,1.15,fastening,1,35.0,0.25,1,AgiBot Genie G2
182,6.0667,-0.1,0.28,1.45,0.0,-0.1666329352654207,1.15,fastening,1,35.0,0.25,1,AgiBot Genie G2
183,6.1,-0.1,0.28,1.45,0.0,-0.1747213595499957,1.15,fastening,1,35.0,0.25,1,AgiBot Genie G2
184,6.1333,-0.1,0.28,1.45,0.0,-0.1825389314460641,1.15,fastening,1,35.0,0.25,1,AgiBot Genie G2
185,6.1667,-0.1,0.28,1.45,0.0,-0.19000000000000006,1.15,fastening,1,35.0,0.25,1,AgiBot Genie G2
186,6.2,-0.1,0.28,1.45,0.0,-0.1970228201833979,1.15,fastening,1,35.0,0.25,1,AgiBot Genie G2
187,6.2333,-0.1,0.28,1.45,0.0,-0.20353044850870866,1.15,fastening,1,35.0,0.25,1,AgiBot Genie G2
188,6.2667,-0.1,0.28,1.45,0.0,-0.20945158603819153,1.15,fastening,1,35.0,0.25,1,AgiBot Genie G2
189,6.3,-0.1,0.28,1.45,0.0,-0.21472135954999577,1.15,fastening,1,35.0,0.25,1,AgiBot Genie G2
190,6.3333,-0.1,0.28,1.45,0.0,-0.21928203230275506,1.15,fastening,1,35.0,0.25,1,AgiBot Genie G2
191,6.3667,-0.1,0.28,1.45,0.0,-0.223083636611408,1.15,fastening,1,35.0,0.25,1,AgiBot Genie G2
192,6.4,-0.1,0.28,1.45,0.0,-0.22608452130361228,1.15,fastening,1,35.0,0.25,1,AgiBot Genie G2
193,6.4333,-0.1,0.28,1.45,0.0,-0.22825180805870446,1.15,fastening,1,35.0,0.25,1,AgiBot Genie G2
194,6.4667,-0.1,0.28,1.45,0.0,-0.22956175162946185,1.15,fastening,1,35.0,0.25,1,AgiBot Genie G2
195,6.5,-0.1,0.28,1.45,0.0,-0.22999999999999998,1.15,fastening,1,35.0,0.25,1,AgiBot Genie G2
196,6.5333,-0.1,0.28,1.45,0.0,-0.22956175162946185,1.15,fastening,1,35.0,0.25,1,AgiBot Genie G2
197,6.5667,-0.1,0.28,1.45,0.0,-0.22825180805870446,1.15,fastening,1,35.0,0.25,1,AgiBot Genie G2
198,6.6,-0.1,0.28,1.45,0.0,-0.2260845213036123,1.15,fastening,1,35.0,0.25,1,AgiBot Genie G2
199,6.6333,-0.1,0.28,1.45,0.0,-0.223083636611408,1.15,fastening,1,35.0,0.25,1,AgiBot Genie G2
200,6.6667,-0.1,0.28,1.45,0.0,-0.21928203230275506,1.15,fastening,1,35.0,0.25,1,AgiBot Genie G2
201,6.7,-0.1,0.28,1.45,0.0,-0.21472135954999577,1.15,fastening,1,35.0,0.25,1,AgiBot Genie G2
202,6.7333,-0.1,0.28,1.45,0.0,-0.20945158603819153,1.15,fastening,1,120.0,1.0,2,AgiBot Genie G2
203,6.7667,-0.1,0.28,1.45,0.0,-0.20353044850870866,1.15,fastening,1,120.0,1.0,2,AgiBot Genie G2
204,6.8,-0.1,0.28,1.45,0.0,-0.1970228201833979,1.15,fastening,1,120.0,1.0,2,AgiBot Genie G2
205,6.8333,-0.1,0.28,1.45,0.0,-0.19000000000000006,1.15,fastening,1,120.0,1.0,2,AgiBot Genie G2
206,6.8667,-0.1,0.28,1.45,0.0,-0.18253893144606412,1.15,fastening,1,120.0,1.0,2,AgiBot Genie G2
207,6.9,-0.1,0.28,1.45,0.0,-0.1747213595499957,1.15,fastening,1,120.0,1.0,2,AgiBot Genie G2
208,6.9333,-0.1,0.28,1.45,0.0,-0.1666329352654207,1.15,fastening,1,35.0,0.25,2,AgiBot Genie G2
209,6.9667,-0.1,0.28,1.45,0.0,-0.15836227706141226,1.15,fastening,1,35.0,0.25,2,AgiBot Genie G2
210,7.0,-0.1,0.28,1.45,1.2,-0.15,1.15,fastening,1,35.0,0.25,2,AgiBot Genie G2
211,7.0333,-0.1,0.28,1.45,1.2,-0.15836227706141223,1.15,fastening,1,35.0,0.25,2,AgiBot Genie G2
212,7.0667,-0.1,0.28,1.45,1.2,-0.1666329352654207,1.15,fastening,1,35.0,0.25,2,AgiBot Genie G2
213,7.1,-0.1,0.28,1.45,1.2,-0.1747213595499957,1.15,fastening,1,35.0,0.25,2,AgiBot Genie G2
214,7.1333,-0.1,0.28,1.45,1.2,-0.1825389314460641,1.15,fastening,1,35.0,0.25,2,AgiBot Genie G2
215,7.1667,-0.1,0.28,1.45,1.2,-0.19000000000000006,1.15,fastening,1,35.0,0.25,2,AgiBot Genie G2
216,7.2,-0.1,0.28,1.45,1.2,-0.1970228201833979,1.15,fastening,1,35.0,0.25,2,AgiBot Genie G2
217,7.2333,-0.1,0.28,1.45,1.2,-0.20353044850870866,1.15,fastening,1,35.0,0.25,2,AgiBot Genie G2
218,7.2667,-0.1,0.28,1.45,1.2,-0.20945158603819153,1.15,fastening,1,35.0,0.25,2,AgiBot Genie G2
219,7.3,-0.1,0.28,1.45,1.2,-0.21472135954999577,1.15,fastening,1,35.0,0.25,2,AgiBot Genie G2
220,7.3333,-0.1,0.28,1.45,1.2,-0.21928203230275506,1.15,fastening,1,35.0,0.25,2,AgiBot Genie G2
221,7.3667,-0.1,0.28,1.45,1.2,-0.223083636611408,1.15,fastening,1,35.0,0.25,2,AgiBot Genie G2
222,7.4,-0.1,0.28,1.45,1.2,-0.22608452130361228,1.15,fastening,1,35.0,0.25,2,AgiBot Genie G2
223,7.4333,-0.1,0.28,1.45,1.2,-0.22825180805870446,1.15,fastening,1,35.0,0.25,2,AgiBot Genie G2
224,7.4667,-0.1,0.28,1.45,1.2,-0.22956175162946185,1.15,fastening,1,35.0,0.25,2,AgiBot Genie G2
225,7.5,-0.1,0.28,1.45,1.2,-0.22999999999999998,1.15,fastening,1,35.0,0.25,2,AgiBot Genie G2
226,7.5333,-0.1,0.28,1.45,1.2,-0.22956175162946185,1.15,fastening,1,35.0,0.25,2,AgiBot Genie G2
227,7.5667,-0.1,0.28,1.45,1.2,-0.22825180805870446,1.15,fastening,1,35.0,0.25,2,AgiBot Genie G2
228,7.6,-0.1,0.28,1.45,1.2,-0.2260845213036123,1.15,fastening,1,35.0,0.25,2,AgiBot Genie G2
229,7.6333,-0.1,0.28,1.45,1.2,-0.223083636611408,1.15,fastening,1,35.0,0.25,2,AgiBot Genie G2
230,7.6667,-0.1,0.28,1.45,1.2,-0.21928203230275506,1.15,fastening,1,35.0,0.25,2,AgiBot Genie G2
231,7.7,-0.1,0.28,1.45,1.2,-0.21472135954999577,1.15,fastening,1,35.0,0.25,2,AgiBot Genie G2
232,7.7333,-0.1,0.28,1.45,1.2,-0.20945158603819153,1.15,fastening,1,120.0,1.0,3,AgiBot Genie G2
233,7.7667,-0.1,0.28,1.45,1.2,-0.20353044850870866,1.15,fastening,1,120.0,1.0,3,AgiBot Genie G2
234,7.8,-0.1,0.28,1.45,1.2,-0.1970228201833979,1.15,fastening,1,120.0,1.0,3,AgiBot Genie G2
235,7.8333,-0.1,0.28,1.45,1.2,-0.19000000000000006,1.15,fastening,1,120.0,1.0,3,AgiBot Genie G2
236,7.8667,-0.1,0.28,1.45,1.2,-0.18253893144606412,1.15,fastening,1,120.0,1.0,3,AgiBot Genie G2
237,7.9,-0.1,0.28,1.45,1.2,-0.1747213595499957,1.15,fastening,1,120.0,1.0,3,AgiBot Genie G2
238,7.9333,-0.1,0.28,1.45,1.2,-0.1666329352654207,1.15,fastening,1,35.0,0.25,3,AgiBot Genie G2
239,7.9667,-0.1,0.28,1.45,1.2,-0.15836227706141226,1.15,fastening,1,35.0,0.25,3,AgiBot Genie G2
240,8.0,-0.1,0.28,1.45,-1.2,-0.15,1.85,fastening,1,35.0,0.25,3,AgiBot Genie G2
241,8.0333,-0.1,0.28,1.45,-1.2,-0.15836227706141223,1.85,fastening,1,35.0,0.25,3,AgiBot Genie G2
242,8.0667,-0.1,0.28,1.45,-1.2,-0.1666329352654207,1.85,fastening,1,35.0,0.25,3,AgiBot Genie G2
243,8.1,-0.1,0.28,1.45,-1.2,-0.1747213595499957,1.85,fastening,1,35.0,0.25,3,AgiBot Genie G2
244,8.1333,-0.1,0.28,1.45,-1.2,-0.1825389314460639,1.85,fastening,1,35.0,0.25,3,AgiBot Genie G2
245,8.1667,-0.1,0.28,1.45,-1.2,-0.18999999999999986,1.85,fastening,1,35.0,0.25,3,AgiBot Genie G2
246,8.2,-0.1,0.28,1.45,-1.2,-0.1970228201833977,1.85,fastening,1,35.0,0.25,3,AgiBot Genie G2
247,8.2333,-0.1,0.28,1.45,-1.2,-0.2035304485087085,1.85,fastening,1,35.0,0.25,3,AgiBot Genie G2
248,8.2667,-0.1,0.28,1.45,-1.2,-0.20945158603819167,1.85,fastening,1,35.0,0.25,3,AgiBot Genie G2
249,8.3,-0.1,0.28,1.45,-1.2,-0.21472135954999588,1.85,fastening,1,35.0,0.25,3,AgiBot Genie G2
250,8.3333,-0.1,0.28,1.45,-1.2,-0.21928203230275517,1.85,fastening,1,35.0,0.25,3,AgiBot Genie G2
251,8.3667,-0.1,0.28,1.45,-1.2,-0.22308363661140812,1.85,fastening,1,35.0,0.25,3,AgiBot Genie G2
252,8.4,-0.1,0.28,1.45,-1.2,-0.22608452130361228,1.85,fastening,1,35.0,0.25,3,AgiBot Genie G2
253,8.4333,-0.1,0.28,1.45,-1.2,-0.22825180805870446,1.85,fastening,1,35.0,0.25,3,AgiBot Genie G2
254,8.4667,-0.1,0.28,1.45,-1.2,-0.22956175162946185,1.85,fastening,1,35.0,0.25,3,AgiBot Genie G2
255,8.5,-0.1,0.28,1.45,-1.2,-0.22999999999999998,1.85,fastening,1,35.0,0.25,3,AgiBot Genie G2
256,8.5333,-0.1,0.28,1.45,-1.2,-0.22956175162946185,1.85,fastening,1,35.0,0.25,3,AgiBot Genie G2
257,8.5667,-0.1,0.28,1.45,-1.2,-0.22825180805870446,1.85,fastening,1,35.0,0.25,3,AgiBot Genie G2
258,8.6,-0.1,0.28,1.45,-1.2,-0.2260845213036123,1.85,fastening,1,35.0,0.25,3,AgiBot Genie G2
259,8.6333,-0.1,0.28,1.45,-1.2,-0.22308363661140812,1.85,fastening,1,35.0,0.25,3,AgiBot Genie G2
260,8.6667,-0.1,0.28,1.45,-1.2,-0.21928203230275517,1.85,fastening,1,35.0,0.25,3,AgiBot Genie G2
261,8.7,-0.1,0.28,1.45,-1.2,-0.21472135954999588,1.85,fastening,1,35.0,0.25,3,AgiBot Genie G2
262,8.7333,-0.1,0.28,1.45,-1.2,-0.20945158603819167,1.85,fastening,1,120.0,1.0,4,AgiBot Genie G2
263,8.7667,-0.1,0.28,1.45,-1.2,-0.20353044850870852,1.85,fastening,1,120.0,1.0,4,AgiBot Genie G2
264,8.8,-0.1,0.28,1.45,-1.2,-0.1970228201833977,1.85,fastening,1,120.0,1.0,4,AgiBot Genie G2
265,8.8333,-0.1,0.28,1.45,-1.2,-0.18999999999999986,1.85,fastening,1,120.0,1.0,4,AgiBot Genie G2
266,8.8667,-0.1,0.28,1.45,-1.2,-0.1825389314460639,1.85,fastening,1,120.0,1.0,4,AgiBot Genie G2
267,8.9,-0.1,0.28,1.45,-1.2,-0.1747213595499957,1.85,fastening,1,120.0,1.0,4,AgiBot Genie G2
268,8.9333,-0.1,0.28,1.45,-1.2,-0.1666329352654207,1.85,fastening,1,35.0,0.25,4,AgiBot Genie G2
269,8.9667,-0.1,0.28,1.45,-1.2,-0.15836227706141226,1.85,fastening,1,35.0,0.25,4,AgiBot Genie G2
270,9.0,-0.1,0.28,1.45,0.0,-0.15,1.85,fastening,1,35.0,0.25,4,AgiBot Genie G2
271,9.0333,-0.1,0.28,1.45,0.0,-0.15836227706141223,1.85,fastening,1,35.0,0.25,4,AgiBot Genie G2
272,9.0667,-0.1,0.28,1.45,0.0,-0.1666329352654207,1.85,fastening,1,35.0,0.25,4,AgiBot Genie G2
273,9.1,-0.1,0.28,1.45,0.0,-0.1747213595499957,1.85,fastening,1,35.0,0.25,4,AgiBot Genie G2
274,9.1333,-0.1,0.28,1.45,0.0,-0.1825389314460639,1.85,fastening,1,35.0,0.25,4,AgiBot Genie G2
275,9.1667,-0.1,0.28,1.45,0.0,-0.18999999999999986,1.85,fastening,1,35.0,0.25,4,AgiBot Genie G2
276,9.2,-0.1,0.28,1.45,0.0,-0.1970228201833977,1.85,fastening,1,35.0,0.25,4,AgiBot Genie G2
277,9.2333,-0.1,0.28,1.45,0.0,-0.2035304485087085,1.85,fastening,1,35.0,0.25,4,AgiBot Genie G2
278,9.2667,-0.1,0.28,1.45,0.0,-0.20945158603819167,1.85,fastening,1,35.0,0.25,4,AgiBot Genie G2
279,9.3,-0.1,0.28,1.45,0.0,-0.21472135954999588,1.85,fastening,1,35.0,0.25,4,AgiBot Genie G2
280,9.3333,-0.1,0.28,1.45,0.0,-0.21928203230275517,1.85,fastening,1,35.0,0.25,4,AgiBot Genie G2
281,9.3667,-0.1,0.28,1.45,0.0,-0.22308363661140812,1.85,fastening,1,35.0,0.25,4,AgiBot Genie G2
282,9.4,-0.1,0.28,1.45,0.0,-0.22608452130361228,1.85,fastening,1,35.0,0.25,4,AgiBot Genie G2
283,9.4333,-0.1,0.28,1.45,0.0,-0.22825180805870446,1.85,fastening,1,35.0,0.25,4,AgiBot Genie G2
284,9.4667,-0.1,0.28,1.45,0.0,-0.22956175162946185,1.85,fastening,1,35.0,0.25,4,AgiBot Genie G2
285,9.5,-0.1,0.28,1.45,0.0,-0.22999999999999998,1.85,fastening,1,35.0,0.25,4,AgiBot Genie G2
286,9.5333,-0.1,0.28,1.45,0.0,-0.22956175162946185,1.85,fastening,1,35.0,0.25,4,AgiBot Genie G2
287,9.5667,-0.1,0.28,1.45,0.0,-0.22825180805870446,1.85,fastening,1,35.0,0.25,4,AgiBot Genie G2
288,9.6,-0.1,0.28,1.45,0.0,-0.2260845213036123,1.85,fastening,1,35.0,0.25,4,AgiBot Genie G2
289,9.6333,-0.1,0.28,1.45,0.0,-0.22308363661140812,1.85,fastening,1,35.0,0.25,4,AgiBot Genie G2
290,9.6667,-0.1,0.28,1.45,0.0,-0.21928203230275517,1.85,fastening,1,35.0,0.25,4,AgiBot Genie G2
291,9.7,-0.1,0.28,1.45,0.0,-0.21472135954999588,1.85,fastening,1,35.0,0.25,4,AgiBot Genie G2
292,9.7333,-0.1,0.28,1.45,0.0,-0.20945158603819167,1.85,fastening,1,120.0,1.0,5,AgiBot Genie G2
293,9.7667,-0.1,0.28,1.45,0.0,-0.20353044850870852,1.85,fastening,1,120.0,1.0,5,AgiBot Genie G2
294,9.8,-0.1,0.28,1.45,0.0,-0.1970228201833977,1.85,fastening,1,120.0,1.0,5,AgiBot Genie G2
295,9.8333,-0.1,0.28,1.45,0.0,-0.18999999999999986,1.85,fastening,1,120.0,1.0,5,AgiBot Genie G2
296,9.8667,-0.1,0.28,1.45,0.0,-0.1825389314460639,1.85,fastening,1,120.0,1.0,5,AgiBot Genie G2
297,9.9,-0.1,0.28,1.45,0.0,-0.1747213595499957,1.85,fastening,1,120.0,1.0,5,AgiBot Genie G2
298,9.9333,-0.1,0.28,1.45,0.0,-0.1666329352654207,1.85,fastening,1,35.0,0.25,5,AgiBot Genie G2
299,9.9667,-0.1,0.28,1.45,0.0,-0.15836227706141226,1.85,fastening,1,35.0,0.25,5,AgiBot Genie G2
300,10.0,-0.1,0.28,1.45,1.2,-0.15,1.85,fastening,1,35.0,0.25,5,AgiBot Genie G2
301,10.0333,-0.1,0.28,1.45,1.2,-0.15836227706141223,1.85,fastening,1,35.0,0.25,5,AgiBot Genie G2
302,10.0667,-0.1,0.28,1.45,1.2,-0.1666329352654207,1.85,fastening,1,35.0,0.25,5,AgiBot Genie G2
303,10.1,-0.1,0.28,1.45,1.2,-0.1747213595499957,1.85,fastening,1,35.0,0.25,5,AgiBot Genie G2
304,10.1333,-0.1,0.28,1.45,1.2,-0.1825389314460639,1.85,fastening,1,35.0,0.25,5,AgiBot Genie G2
305,10.1667,-0.1,0.28,1.45,1.2,-0.18999999999999986,1.85,fastening,1,35.0,0.25,5,AgiBot Genie G2
306,10.2,-0.1,0.28,1.45,1.2,-0.1970228201833977,1.85,fastening,1,35.0,0.25,5,AgiBot Genie G2
307,10.2333,-0.1,0.28,1.45,1.2,-0.2035304485087085,1.85,fastening,1,35.0,0.25,5,AgiBot Genie G2
308,10.2667,-0.1,0.28,1.45,1.2,-0.20945158603819167,1.85,fastening,1,35.0,0.25,5,AgiBot Genie G2
309,10.3,-0.1,0.28,1.45,1.2,-0.21472135954999588,1.85,fastening,1,35.0,0.25,5,AgiBot Genie G2
310,10.3333,-0.1,0.28,1.45,1.2,-0.21928203230275517,1.85,fastening,1,35.0,0.25,5,AgiBot Genie G2
311,10.3667,-0.1,0.28,1.45,1.2,-0.22308363661140812,1.85,fastening,1,35.0,0.25,5,AgiBot Genie G2
312,10.4,-0.1,0.28,1.45,1.2,-0.22608452130361228,1.85,fastening,1,35.0,0.25,5,AgiBot Genie G2
313,10.4333,-0.1,0.28,1.45,1.2,-0.22825180805870446,1.85,fastening,1,35.0,0.25,5,AgiBot Genie G2
314,10.4667,-0.1,0.28,1.45,1.2,-0.22956175162946185,1.85,fastening,1,35.0,0.25,5,AgiBot Genie G2
315,10.5,-0.1,0.28,1.45,1.2,-0.22999999999999998,1.85,fastening,1,35.0,0.25,5,AgiBot Genie G2
316,10.5333,-0.1,0.28,1.45,1.2,-0.22956175162946185,1.85,fastening,1,35.0,0.25,5,AgiBot Genie G2
317,10.5667,-0.1,0.28,1.45,1.2,-0.22825180805870446,1.85,fastening,1,35.0,0.25,5,AgiBot Genie G2
318,10.6,-0.1,0.28,1.45,1.2,-0.2260845213036123,1.85,fastening,1,35.0,0.25,5,AgiBot Genie G2
319,10.6333,-0.1,0.28,1.45,1.2,-0.22308363661140812,1.85,fastening,1,35.0,0.25,5,AgiBot Genie G2
320,10.6667,-0.1,0.28,1.45,1.2,-0.21928203230275517,1.85,fastening,1,35.0,0.25,5,AgiBot Genie G2
321,10.7,-0.1,0.28,1.45,1.2,-0.21472135954999588,1.85,fastening,1,35.0,0.25,5,AgiBot Genie G2
322,10.7333,-0.1,0.28,1.45,1.2,-0.20945158603819167,1.85,fastening,1,120.0,1.0,6,AgiBot Genie G2
323,10.7667,-0.1,0.28,1.45,1.2,-0.20353044850870852,1.85,fastening,1,120.0,1.0,6,AgiBot Genie G2
324,10.8,-0.1,0.28,1.45,1.2,-0.1970228201833977,1.85,fastening,1,120.0,1.0,6,AgiBot Genie G2
325,10.8333,-0.1,0.28,1.45,1.2,-0.18999999999999986,1.85,fastening,1,120.0,1.0,6,AgiBot Genie G2
326,10.8667,-0.1,0.28,1.45,1.2,-0.1825389314460639,1.85,fastening,1,120.0,1.0,6,AgiBot Genie G2
327,10.9,-0.1,0.28,1.45,1.2,-0.1747213595499957,1.85,fastening,1,120.0,1.0,6,AgiBot Genie G2
328,10.9333,-0.1,0.28,1.45,1.2,-0.1666329352654207,1.85,fastening,1,35.0,0.25,6,AgiBot Genie G2
329,10.9667,-0.1,0.28,1.45,1.2,-0.15836227706141226,1.85,fastening,1,35.0,0.25,6,AgiBot Genie G2
330,11.0,-0.1,0.28,1.45,1.2,-0.15,1.85,fastening,1,35.0,0.25,6,AgiBot Genie G2
331,11.0333,-0.1,0.28,1.45,1.2,-0.15836227706141223,1.85,fastening,1,35.0,0.25,6,AgiBot Genie G2
332,11.0667,-0.1,0.28,1.45,1.2,-0.1666329352654207,1.85,fastening,1,35.0,0.25,6,AgiBot Genie G2
333,11.1,-0.1,0.28,1.45,1.2,-0.1747213595499957,1.85,fastening,1,35.0,0.25,6,AgiBot Genie G2
334,11.1333,-0.1,0.28,1.45,1.2,-0.1825389314460639,1.85,fastening,1,35.0,0.25,6,AgiBot Genie G2
335,11.1667,-0.1,0.28,1.45,1.2,-0.18999999999999986,1.85,fastening,1,35.0,0.25,6,AgiBot Genie G2
336,11.2,-0.1,0.28,1.45,1.2,-0.1970228201833977,1.85,fastening,1,35.0,0.25,6,AgiBot Genie G2
337,11.2333,-0.1,0.28,1.45,1.2,-0.2035304485087085,1.85,fastening,1,35.0,0.25,6,AgiBot Genie G2
338,11.2667,-0.1,0.28,1.45,1.2,-0.20945158603819167,1.85,fastening,1,35.0,0.25,6,AgiBot Genie G2
339,11.3,-0.1,0.28,1.45,1.2,-0.21472135954999588,1.85,fastening,1,35.0,0.25,6,AgiBot Genie G2
340,11.3333,-0.1,0.28,1.45,1.2,-0.21928203230275517,1.85,fastening,1,35.0,0.25,6,AgiBot Genie G2
341,11.3667,-0.1,0.28,1.45,1.2,-0.22308363661140812,1.85,fastening,1,35.0,0.25,6,AgiBot Genie G2
342,11.4,-0.1,0.28,1.45,1.2,-0.22608452130361228,1.85,fastening,1,35.0,0.25,6,AgiBot Genie G2
343,11.4333,-0.1,0.28,1.45,1.2,-0.22825180805870446,1.85,fastening,1,35.0,0.25,6,AgiBot Genie G2
344,11.4667,-0.1,0.28,1.45,1.2,-0.22956175162946185,1.85,fastening,1,35.0,0.25,6,AgiBot Genie G2
345,11.5,-0.1,0.28,1.45,1.2,-0.22999999999999998,1.85,fastening,1,35.0,0.25,6,AgiBot Genie G2
346,11.5333,-0.1,0.28,1.45,1.2,-0.22956175162946185,1.85,fastening,1,35.0,0.25,6,AgiBot Genie G2
347,11.5667,-0.1,0.28,1.45,1.2,-0.22825180805870446,1.85,fastening,1,35.0,0.25,6,AgiBot Genie G2
348,11.6,-0.1,0.28,1.45,1.2,-0.2260845213036123,1.85,fastening,1,35.0,0.25,6,AgiBot Genie G2
349,11.6333,-0.1,0.28,1.45,1.2,-0.22308363661140812,1.85,fastening,1,35.0,0.25,6,AgiBot Genie G2
350,11.6667,-0.1,0.28,1.45,1.2,-0.21928203230275517,1.85,fastening,1,35.0,0.25,6,AgiBot Genie G2
351,11.7,-0.1,0.28,1.45,1.2,-0.21472135954999588,1.85,fastening,1,35.0,0.25,6,AgiBot Genie G2
352,11.7333,-0.1,0.28,1.45,1.2,-0.20945158603819167,1.85,fastening,1,120.0,1.0,6,AgiBot Genie G2
353,11.7667,-0.1,0.28,1.45,1.2,-0.20353044850870852,1.85,fastening,1,120.0,1.0,6,AgiBot Genie G2
354,11.8,-0.1,0.28,1.45,1.2,-0.1970228201833977,1.85,fastening,1,120.0,1.0,6,AgiBot Genie G2
355,11.8333,-0.1,0.28,1.45,1.2,-0.18999999999999986,1.85,fastening,1,120.0,1.0,6,AgiBot Genie G2
356,11.8667,-0.1,0.28,1.45,1.2,-0.1825389314460639,1.85,fastening,1,120.0,1.0,6,AgiBot Genie G2
357,11.9,-0.1,0.28,1.45,1.2,-0.1747213595499957,1.85,fastening,1,120.0,1.0,6,AgiBot Genie G2
358,11.9333,-0.1,0.28,1.45,1.2,-0.1666329352654207,1.85,fastening,1,35.0,0.25,6,AgiBot Genie G2
359,11.9667,-0.1,0.28,1.45,1.2,-0.15836227706141226,1.85,fastening,1,35.0,0.25,6,AgiBot Genie G2
